{
  "success": true,
  "reviews": [
    {
      "id": 2,
      "author": "Anonymous",
      "rating": 5,
      "text": "",
      "title": "",
      "verified": false,
      "date": ""
    },
    {
      "id": 3,
      "author": "Anonymous",
      "rating": 5,
      "text": "",
      "title": "",
      "verified": false,
      "date": ""
    }
  ],
  "stats": {
    "total": 2,
    "average": 5,
    "verified": 0,
    "totalWithText": 0,
    "distribution": {
      "5": 2
    }
  },
  "productHandle": "classic-white-t-shirt",
  "scrapedAt": "2025-09-16T06:42:22.980Z",
  "debugInfo": {
    "productUrl": "https://sanjayvaghela-testing.myshopify.com/products/classic-white-t-shirt",
    "reviewCount": 2,
    "scrapingStrategies": 4,
    "finalStats": {
      "total": 2,
      "average": 5,
      "verified": 0,
      "totalWithText": 0,
      "distribution": {
        "5": 2
      }
    }
  },
  "reviewsHash": "4a70b80fcaaf2b8d5768c82c18efdc7d",
  "cachedAt": "2025-09-16T06:42:22.981Z",
  "expiresAt": "2025-09-17T06:42:22.981Z"
}