{
  "success": true,
  "reviews": [
    {
      "id": "judge.me_0",
      "author": "Sanjay vaghela",
      "rating": 5,
      "text": "The Solstice Shirt is a crisp and stylish white shirt that strikes the perfect balance between comfort and sophistication. Its breathable fabric and tailored fit make it ideal for both casual wear and semi-formal occasions. Easy to style and timeless in design, it’s a wardrobe essential that adds elegance to any outfit.",
      "title": "",
      "verified": false,
      "date": "",
      "platform": "Judge.me",
      "platformSpecificId": 0,
      "extractedFrom": "Judge.me"
    }
  ],
  "stats": {
    "total": 1,
    "average": 5,
    "verified": 0,
    "totalWithText": 1,
    "distribution": {
      "5": 1
    },
    "duplicatesFound": 0,
    "platformCounts": {
      "Judge.me": 1
    },
    "rawReviewsScraped": 1,
    "platformsDetected": [
      "Judge.me"
    ]
  },
  "productHandle": "the-solstice-shirt",
  "scrapedAt": "2025-09-11T10:15:30.617Z",
  "reviewPlatform": "Judge.me",
  "reviewPlatforms": [
    "Judge.me"
  ],
  "platformInfo": {
    "detectedPlatforms": [
      "Judge.me"
    ],
    "totalReviewsFound": 1,
    "uniqueReviewsAfterDeduplication": 1,
    "duplicatesRemoved": 0
  },
  "debugInfo": {
    "productUrl": "https://sanjayvaghela-testing.myshopify.com/products/the-solstice-shirt",
    "reviewCount": 1,
    "reviewPlatform": "Judge.me",
    "allPlatformsDetected": [
      "Judge.me"
    ],
    "rawReviewsScraped": 1,
    "duplicatesRemoved": 0,
    "scrapingStrategies": 4,
    "finalStats": {
      "total": 1,
      "average": 5,
      "verified": 0,
      "totalWithText": 1,
      "distribution": {
        "5": 1
      },
      "duplicatesFound": 0,
      "platformCounts": {
        "Judge.me": 1
      },
      "rawReviewsScraped": 1,
      "platformsDetected": [
        "Judge.me"
      ]
    },
    "multiPlatformMode": false
  },
  "reviewsHash": "02fc58c9f76084260ecb74f243c34373",
  "cachedAt": "2025-09-11T10:15:32.962Z",
  "expiresAt": "2025-09-12T10:15:32.962Z"
}