{
  "success": true,
  "reviews": [
    {
      "id": "judge.me_0",
      "author": "Aakash Verma",
      "rating": 5,
      "text": "I really love the design of the Varsity 00 Tee. The fabric feels soft and breathable, perfect for casual wear. The \"00\" graphic adds a nice sporty touch. However, I found the fit a bit loose for my usual size. Overall, it's a great tee and definitely a stylish addition to my wardrobe.",
      "title": "The Varsity 00 Tee",
      "verified": false,
      "date": "",
      "platform": "Judge.me",
      "platformSpecificId": 0,
      "extractedFrom": "Judge.me"
    }
  ],
  "stats": {
    "total": 1,
    "average": 5,
    "verified": 0,
    "totalWithText": 1,
    "distribution": {
      "5": 1
    },
    "duplicatesFound": 0,
    "platformCounts": {
      "Judge.me": 1
    },
    "rawReviewsScraped": 1,
    "platformsDetected": [
      "Judge.me"
    ]
  },
  "productHandle": "the-varsity-00-tee",
  "scrapedAt": "2025-09-11T10:20:08.127Z",
  "reviewPlatform": "Judge.me",
  "reviewPlatforms": [
    "Judge.me"
  ],
  "platformInfo": {
    "detectedPlatforms": [
      "Judge.me"
    ],
    "totalReviewsFound": 1,
    "uniqueReviewsAfterDeduplication": 1,
    "duplicatesRemoved": 0
  },
  "debugInfo": {
    "productUrl": "https://sanjayvaghela-testing.myshopify.com/products/the-varsity-00-tee",
    "reviewCount": 1,
    "reviewPlatform": "Judge.me",
    "allPlatformsDetected": [
      "Judge.me"
    ],
    "rawReviewsScraped": 1,
    "duplicatesRemoved": 0,
    "scrapingStrategies": 4,
    "finalStats": {
      "total": 1,
      "average": 5,
      "verified": 0,
      "totalWithText": 1,
      "distribution": {
        "5": 1
      },
      "duplicatesFound": 0,
      "platformCounts": {
        "Judge.me": 1
      },
      "rawReviewsScraped": 1,
      "platformsDetected": [
        "Judge.me"
      ]
    },
    "multiPlatformMode": false
  },
  "reviewsHash": "8d7ddc7dcf36c47f6ede7ac49ec0342f",
  "cachedAt": "2025-09-11T10:20:38.711Z",
  "expiresAt": "2025-09-12T10:20:38.711Z"
}