{
  "success": true,
  "reviews": [
    {
      "id": "judge.me_0",
      "author": "Sanjay vaghela",
      "rating": 5,
      "text": "The Sienna Camp Shirt is lightweight, breathable, and perfect for casual outings. The fabric feels soft against the skin and the relaxed fit makes it very comfortable to wear all day. Its simple yet stylish design pairs well with jeans or shorts, making it a versatile addition to any wardrobe.",
      "title": "",
      "verified": false,
      "date": "08/28/2025",
      "platform": "Judge.me",
      "platformSpecificId": 0,
      "extractedFrom": "Judge.me"
    },
    {
      "id": "judge.me_1",
      "author": "Sanjay vaghela",
      "rating": 5,
      "text": "The Vintage Voltage Shirt is a stylish and comfortable tee, usually made from 100% cotton. If it’s the AC/DC High Voltage version, people like its vintage rock look, durable print, and good fit. If it’s the Flash Vintage Voltage version, it’s officially licensed, eco-friendly, and comes in multiple styles. Overall, it’s a great mix of style and comfort, and a solid choice for fans.",
      "title": "",
      "verified": false,
      "date": "08/28/2025",
      "platform": "Judge.me",
      "platformSpecificId": 1,
      "extractedFrom": "Judge.me"
    }
  ],
  "stats": {
    "total": 2,
    "average": 5,
    "verified": 0,
    "totalWithText": 2,
    "distribution": {
      "5": 2
    },
    "duplicatesFound": 0,
    "platformCounts": {
      "Judge.me": 2
    },
    "rawReviewsScraped": 2,
    "platformsDetected": [
      "Judge.me"
    ]
  },
  "productHandle": "the-vintage-voltage-shirt",
  "scrapedAt": "2025-09-11T10:20:32.278Z",
  "reviewPlatform": "Judge.me",
  "reviewPlatforms": [
    "Judge.me"
  ],
  "platformInfo": {
    "detectedPlatforms": [
      "Judge.me"
    ],
    "totalReviewsFound": 2,
    "uniqueReviewsAfterDeduplication": 2,
    "duplicatesRemoved": 0
  },
  "debugInfo": {
    "productUrl": "https://sanjayvaghela-testing.myshopify.com/products/the-vintage-voltage-shirt",
    "reviewCount": 2,
    "reviewPlatform": "Judge.me",
    "allPlatformsDetected": [
      "Judge.me"
    ],
    "rawReviewsScraped": 2,
    "duplicatesRemoved": 0,
    "scrapingStrategies": 4,
    "finalStats": {
      "total": 2,
      "average": 5,
      "verified": 0,
      "totalWithText": 2,
      "distribution": {
        "5": 2
      },
      "duplicatesFound": 0,
      "platformCounts": {
        "Judge.me": 2
      },
      "rawReviewsScraped": 2,
      "platformsDetected": [
        "Judge.me"
      ]
    },
    "multiPlatformMode": false
  },
  "reviewsHash": "d2d17b21c9e599bc66c66c3dfc3c84e0",
  "cachedAt": "2025-09-11T10:20:40.005Z",
  "expiresAt": "2025-09-12T10:20:40.005Z"
}