{
  "success": true,
  "reviews": [
    {
      "id": "judge.me_0",
      "author": "Sarah Smith",
      "rating": 5,
      "text": "The Core Sweatshirt is incredibly comfortable and warm. It fits perfectly, and I love the clean, minimal design. The material is soft on the inside, making it great for colder weather. The color is also exactly as shown in the images. Highly recommend for anyone looking for a versatile sweatshirt.",
      "title": "The Core Sweatshirt",
      "verified": false,
      "date": "",
      "platform": "Judge.me",
      "platformSpecificId": 0,
      "extractedFrom": "Judge.me"
    }
  ],
  "stats": {
    "total": 1,
    "average": 5,
    "verified": 0,
    "totalWithText": 1,
    "distribution": {
      "5": 1
    },
    "duplicatesFound": 0,
    "platformCounts": {
      "Judge.me": 1
    },
    "rawReviewsScraped": 1,
    "platformsDetected": [
      "Judge.me"
    ]
  },
  "productHandle": "the-core-sweatshirt",
  "scrapedAt": "2025-09-11T10:14:09.036Z",
  "reviewPlatform": "Judge.me",
  "reviewPlatforms": [
    "Judge.me"
  ],
  "platformInfo": {
    "detectedPlatforms": [
      "Judge.me"
    ],
    "totalReviewsFound": 1,
    "uniqueReviewsAfterDeduplication": 1,
    "duplicatesRemoved": 0
  },
  "debugInfo": {
    "productUrl": "https://sanjayvaghela-testing.myshopify.com/products/the-core-sweatshirt",
    "reviewCount": 1,
    "reviewPlatform": "Judge.me",
    "allPlatformsDetected": [
      "Judge.me"
    ],
    "rawReviewsScraped": 1,
    "duplicatesRemoved": 0,
    "scrapingStrategies": 4,
    "finalStats": {
      "total": 1,
      "average": 5,
      "verified": 0,
      "totalWithText": 1,
      "distribution": {
        "5": 1
      },
      "duplicatesFound": 0,
      "platformCounts": {
        "Judge.me": 1
      },
      "rawReviewsScraped": 1,
      "platformsDetected": [
        "Judge.me"
      ]
    },
    "multiPlatformMode": false
  },
  "reviewsHash": "c9cf2586f193695a2af7ed00a5c2e7ca",
  "cachedAt": "2025-09-11T10:14:49.971Z",
  "expiresAt": "2025-09-12T10:14:49.971Z"
}