{
  "success": true,
  "reviews": [
    {
      "id": "judge.me_0",
      "author": "Sanjay vaghela",
      "rating": 5,
      "text": "\"Perfect Fit and Comfortable!\"\nI recently bought the Classic Black T-Shirt, and I must say it’s a great purchase! The fabric is soft and comfortable, offering excellent comfort throughout the day. The fit is perfect, and it’s versatile for both casual and semi-dressed looks. Highly recommended for anyone looking for an everyday essential!",
      "title": "",
      "verified": false,
      "date": "",
      "platform": "Judge.me",
      "platformSpecificId": 0,
      "extractedFrom": "Judge.me"
    }
  ],
  "stats": {
    "total": 1,
    "average": 5,
    "verified": 0,
    "totalWithText": 1,
    "distribution": {
      "5": 1
    },
    "duplicatesFound": 0,
    "platformCounts": {
      "Judge.me": 1
    },
    "rawReviewsScraped": 1,
    "platformsDetected": [
      "Judge.me"
    ]
  },
  "productHandle": "classic-black-t-shirt",
  "scrapedAt": "2025-09-11T10:13:05.618Z",
  "reviewPlatform": "Judge.me",
  "reviewPlatforms": [
    "Judge.me"
  ],
  "platformInfo": {
    "detectedPlatforms": [
      "Judge.me"
    ],
    "totalReviewsFound": 1,
    "uniqueReviewsAfterDeduplication": 1,
    "duplicatesRemoved": 0
  },
  "debugInfo": {
    "productUrl": "https://sanjayvaghela-testing.myshopify.com/products/classic-black-t-shirt",
    "reviewCount": 1,
    "reviewPlatform": "Judge.me",
    "allPlatformsDetected": [
      "Judge.me"
    ],
    "rawReviewsScraped": 1,
    "duplicatesRemoved": 0,
    "scrapingStrategies": 4,
    "finalStats": {
      "total": 1,
      "average": 5,
      "verified": 0,
      "totalWithText": 1,
      "distribution": {
        "5": 1
      },
      "duplicatesFound": 0,
      "platformCounts": {
        "Judge.me": 1
      },
      "rawReviewsScraped": 1,
      "platformsDetected": [
        "Judge.me"
      ]
    },
    "multiPlatformMode": false
  },
  "reviewsHash": "7a214ac4d3d0f6aac5b987aa0abb1b46",
  "cachedAt": "2025-09-11T10:14:22.062Z",
  "expiresAt": "2025-09-12T10:14:22.062Z"
}