{
  "success": true,
  "reviews": [
    {
      "id": "judge.me_0",
      "author": "Anonymous",
      "rating": 5,
      "text": "",
      "title": "",
      "verified": false,
      "date": "",
      "platform": "Judge.me",
      "platformSpecificId": 0,
      "extractedFrom": "Judge.me"
    }
  ],
  "stats": {
    "total": 1,
    "average": 5,
    "verified": 0,
    "totalWithText": 0,
    "distribution": {
      "5": 1
    },
    "duplicatesFound": 0,
    "platformCounts": {
      "Judge.me": 1
    },
    "rawReviewsScraped": 1,
    "platformsDetected": [
      "Judge.me"
    ]
  },
  "productHandle": "classic-white-t-shirt",
  "scrapedAt": "2025-09-11T10:13:45.730Z",
  "reviewPlatform": "Judge.me",
  "reviewPlatforms": [
    "Judge.me"
  ],
  "platformInfo": {
    "detectedPlatforms": [
      "Judge.me"
    ],
    "totalReviewsFound": 1,
    "uniqueReviewsAfterDeduplication": 1,
    "duplicatesRemoved": 0
  },
  "debugInfo": {
    "productUrl": "https://sanjayvaghela-testing.myshopify.com/products/classic-white-t-shirt",
    "reviewCount": 1,
    "reviewPlatform": "Judge.me",
    "allPlatformsDetected": [
      "Judge.me"
    ],
    "rawReviewsScraped": 1,
    "duplicatesRemoved": 0,
    "scrapingStrategies": 4,
    "finalStats": {
      "total": 1,
      "average": 5,
      "verified": 0,
      "totalWithText": 0,
      "distribution": {
        "5": 1
      },
      "duplicatesFound": 0,
      "platformCounts": {
        "Judge.me": 1
      },
      "rawReviewsScraped": 1,
      "platformsDetected": [
        "Judge.me"
      ]
    },
    "multiPlatformMode": false
  },
  "reviewsHash": "7c202d620e655ffa5cc994955adff20d",
  "cachedAt": "2025-09-11T10:14:50.389Z",
  "expiresAt": "2025-09-12T10:14:50.389Z"
}